Workbook
Name Slicer_Months__Date: #N/A
Name Slicer_Product: #N/A
Name Slicer_Region: #N/A

Sheet SalesData
A1: OrderID | B1: Date | C1: Region | D1: Product | E1: Sales | F1: Quantity | G1: Revenue
A2: ORD20 | B2: 44955 | C2: East | D2: Tablet | E2: 1002 | F2: 10 | G2: =SalesData!$E2*SalesData!$F2 -> 10020
A3: ORD22 | B3: 45165 | C3: West | D3: Phone | E3: 15870 | F3: 3 | G3: =SalesData!$E3*SalesData!$F3 -> 47610
A4: ORD23 | B4: 44996 | C4: East | D4: Monitor | E4: 28434 | F4: 7 | G4: =SalesData!$E4*SalesData!$F4 -> 199038
A5: ORD24 | B5: 45113 | C5: East | D5: Headphones | E5: 46756 | F5: 8 | G5: =SalesData!$E5*SalesData!$F5 -> 374048
A6: ORD25 | B6: 45143 | C6: West | D6: Monitor | E6: 27113 | F6: 8 | G6: =SalesData!$E6*SalesData!$F6 -> 216904
A7: ORD26 | B7: 45212 | C7: West | D7: Tablet | E7: 42433 | F7: 8 | G7: =SalesData!$E7*SalesData!$F7 -> 339464
A8: ORD27 | B8: 45288 | C8: West | D8: Phone | E8: 49464 | F8: 10 | G8: =SalesData!$E8*SalesData!$F8 -> 494640
A9: ORD28 | B9: 45101 | C9: South | D9: Laptop | E9: 42575 | F9: 4 | G9: =SalesData!$E9*SalesData!$F9 -> 170300
A10: ORD29 | B10: 44981 | C10: South | D10: Phone | E10: 44438 | F10: 1 | G10: =SalesData!$E10*SalesData!$F10 -> 44438
A11: ORD211 | B11: 45110 | C11: South | D11: Laptop | E11: 48303 | F11: 4 | G11: =SalesData!$E11*SalesData!$F11 -> 193212
A12: ORD213 | B12: 45062 | C12: South | D12: Phone | E12: 44523 | F12: 2 | G12: =SalesData!$E12*SalesData!$F12 -> 89046
A13: ORD214 | B13: 44992 | C13: West | D13: Monitor | E13: 28966 | F13: 5 | G13: =SalesData!$E13*SalesData!$F13 -> 144830
... A982: ORD21198 | B982: 44986 | C982: South | D982: Headphones | E982: 19841 | F982: 4 | G982: =SalesData!$E982*SalesData!$F982 -> 79364
A983: ORD21199 | B983: 45097 | C983: East | D983: Headphones | E983: 43576 | F983: 10 | G983: =E983*F983 -> 435760

Sheet Pivot Tables
B1: Region Wise Revenue | F1: Product Wise Revenue | J1: Orders Count of Products | N1: Month Wise Revenue | S1: Month Wise Orders Count | Y1: Product wise Monthly Count
B5: Regions | C5: Total Revenue | F5: Products | G5: Total Revenue | J5: Products | K5: Count of orders | N5: Total Revenue | O5: Select Month-Year | S5: Count of Orders | T5: Select Month-Year | X5: Month-Year | Y5: (All)
B6: West | C6: 35075942 | F6: Laptop | G6: 30179810 | J6: Laptop | K6: 225 | N6: Year-Month | O6: 2023 | P6: 2024 | S6: Year-Month | T6: 2023 | U6: 2024
B7: East | C7: 34590347 | F7: Tablet | G7: 27637043 | J7: Headphones | K7: 197 | N7: Jan | O7: 13000656 | P7: 306946 | S7: Jan | T7: 96 | U7: 2 | X7: product wise count | Y7: Select Product
B8: North | C8: 34122586 | F8: Headphones | G8: 27510036 | J8: Phone | K8: 192 | N8: Feb | O8: 7753146 | S8: Feb | T8: 58 | X8: Year-Month | Y8: Headphones | Z8: Laptop | AA8: Monitor | AB8: Phone | AC8: Tablet | AD8: Grand Total
B9: South | C9: 34010615 | F9: Monitor | G9: 26699591 | J9: Monitor | K9: 185 | N9: Mar | O9: 11382462 | S9: Mar | T9: 72 | X9: Jan | Y9: 19 | Z9: 24 | AA9: 23 | AB9: 17 | AC9: 15 | AD9: 98
B10: Grand Total | C10: 137799490 | F10: Phone | G10: 25773010 | J10: Tablet | K10: 183 | N10: Apr | O10: 9437178 | S10: Apr | T10: 66 | X10: Feb | Y10: 10 | Z10: 12 | AA10: 12 | AB10: 14 | AC10: 10 | AD10: 58
F11: Grand Total | G11: 137799490 | J11: Grand Total | K11: 982 | N11: May | O11: 10765269 | S11: May | T11: 89 | X11: Mar | Y11: 10 | Z11: 23 | AA11: 13 | AB11: 13 | AC11: 13 | AD11: 72
N12: Jun | O12: 9601079 | S12: Jun | T12: 77 | X12: Apr | Y12: 14 | Z12: 13 | AA12: 15 | AB12: 13 | AC12: 11 | AD12: 66
N13: Jul | O13: 15464763 | S13: Jul | T13: 104 | X13: May | Y13: 17 | Z13: 12 | AA13: 17 | AB13: 22 | AC13: 21 | AD13: 89
N14: Aug | O14: 11424485 | S14: Aug | T14: 76 | X14: Jun | Y14: 14 | Z14: 20 | AA14: 14 | AB14: 13 | AC14: 16 | AD14: 77
N15: Sep | O15: 12685984 | S15: Sep | T15: 83 | X15: Jul | Y15: 17 | Z15: 30 | AA15: 12 | AB15: 17 | AC15: 28 | AD15: 104
N16: Oct | O16: 11246894 | S16: Oct | T16: 86 | X16: Aug | Y16: 18 | Z16: 15 | AA16: 19 | AB16: 17 | AC16: 7 | AD16: 76
N17: Nov | O17: 11958448 | S17: Nov | T17: 78 | X17: Sep | Y17: 21 | Z17: 19 | AA17: 17 | AB17: 19 | AC17: 7 | AD17: 83
N18: Dec | O18: 12772180 | S18: Dec | T18: 95 | X18: Oct | Y18: 17 | Z18: 19 | AA18: 15 | AB18: 19 | AC18: 16 | AD18: 86
N19: Grand Total | O19: 137492544 | P19: 306946 | S19: Grand Total | T19: 980 | U19: 2 | X19: Nov | Y19: 17 | Z19: 13 | AA19: 17 | AB19: 13 | AC19: 18 | AD19: 78
X20: Dec | Y20: 23 | Z20: 25 | AA20: 11 | AB20: 15 | AC20: 21 | AD20: 95
X21: Grand Total | Y21: 197 | Z21: 225 | AA21: 185 | AB21: 192 | AC21: 183 | AD21: 982

Sheet Dashboard
D2: Sales Performance Dashboard
B6: =SUM('Pivot Tables'!C6:C9) -> 137799490 | E6: =SUM('Pivot Tables'!K6:K10) -> 982 | J6: ='Pivot Tables'!J6 -> Laptop
J7: ='Pivot Tables'!B6 -> West
H13: Sales Insights
G39: Sales Trend Analysis
